{"segments": {"sternum-Rshoulder|nose": {"L1": 0.0, "L2": 0.0}, "sternum-Rhip|nose": {"L1": 1.1088121277599043, "L2": 1.2294643346674465}, "sternum-Lhip|nose": {"L1": 6.115503566285412, "L2": 37.39938386924959}, "sternum-Lshoulder|nose": {"L1": 0.0, "L2": 0.0}, "sternum-Rhip|Rshoulder": {"L1": 1.1088121277599043, "L2": 1.2294643346674778}, "sternum-Lhip|Rshoulder": {"L1": 6.115503566285383, "L2": 37.39938386924942}, "sternum-Lshoulder|Rshoulder": {"L1": 0.0, "L2": 0.0}, "sternum-Lhip|Rhip": {"L1": 5.0066914385255075, "L2": 25.06695916060458}, "sternum-Lshoulder|Rhip": {"L1": 1.1088121277599043, "L2": 1.2294643346674778}, "sternum-Lhip|Lshoulder": {"L1": 6.115503566285412, "L2": 37.39938386924959}, "Rshoulder-Relbow|Rhip": {"L1": 15.145055595686415, "L2": 229.37270899643283}, "Rshoulder-Relbow|sternum": {"L1": 14.03624346792651, "L2": 197.01613069090965}, "Rshoulder-Lshoulder|Relbow": {"L1": 14.03624346792651, "L2": 197.01613069090965}, "Rshoulder-Rhip|sternum": {"L1": 1.1088121277599043, "L2": 1.2294643346674778}, "Rshoulder-Lshoulder|Rhip": {"L1": 1.1088121277599043, "L2": 1.2294643346674778}, "Rshoulder-Lshoulder|sternum": {"L1": 0.0, "L2": 0.0}, "Relbow-Rshoulder|Rwrist": {"L1": 9.462322208025512, "L2": 89.5355415684928}, "Rhip-Lhip|sternum": {"L1": 15.145055595686415, "L2": 229.37270899643283}, "Rhip-Lhip|Rshoulder": {"L1": 12.927431340166606, "L2": 167.1184810547214}, "Rhip-Lhip|Rknee": {"L1": 35.4068657372697, "L2": 1253.646141337044}, "Rhip-Rshoulder|sternum": {"L1": 2.2176242555198655, "L2": 4.917857338669982}, "Rhip-Rknee|sternum": {"L1": 20.261810141583283, "L2": 410.5409502135666}, "Rhip-Rknee|Rshoulder": {"L1": 22.479434397103148, "L2": 505.32497081366415}, "Rknee-Rankle|Rhip": {"L1": 20.224859431168113, "L2": 409.0449390105092}, "Lshoulder-Lelbow|Lhip": {"L1": 12.690286547464666, "L2": 161.0433726567623}, "Lshoulder-Lelbow|sternum": {"L1": 11.3099324740202, "L2": 127.9145725668967}, "Lshoulder-Lelbow|Rshoulder": {"L1": 11.30993247402023, "L2": 127.91457256689735}, "Lshoulder-Lhip|sternum": {"L1": 1.3803540734444368, "L2": 1.9053773680746497}, "Lshoulder-Lhip|Rshoulder": {"L1": 1.3803540734444368, "L2": 1.9053773680746497}, "Lshoulder-Rshoulder|sternum": {"L1": 0.0, "L2": 0.0}, "Lelbow-Lshoulder|Lwrist": {"L1": 11.309932474020144, "L2": 127.91457256689542}, "Lhip-Rhip|sternum": {"L1": 20.151747034211894, "L2": 406.09290853086844}, "Lhip-Lshoulder|Rhip": {"L1": 15.416597541370948, "L2": 237.67147975260474}, "Lhip-Lknee|Rhip": {"L1": 7.920739901641042, "L2": 62.73812058944854}, "Lhip-Lshoulder|sternum": {"L1": 4.735149492840975, "L2": 22.42164071955206}, "Lhip-Lknee|sternum": {"L1": 12.231007132570795, "L2": 149.59753547699768}, "Lhip-Lknee|Lshoulder": {"L1": 7.495857639729877, "L2": 56.18788175509676}}, "nodes": {"sternum": {"mean_L1": 2.667963852066143, "mean_L2": 14.095350377235558}, "Rshoulder": {"mean_L1": 7.5725277978432075, "mean_L2": 104.31064984126452}, "Relbow": {"mean_L1": 9.462322208025512, "mean_L2": 89.5355415684928}, "Rhip": {"mean_L1": 18.073036911221504, "mean_L2": 428.48685162568313}, "Rknee": {"mean_L1": 20.224859431168113, "mean_L2": 409.0449390105092}, "Lshoulder": {"mean_L1": 6.345143273732329, "mean_L2": 70.11387875445094}, "Lelbow": {"mean_L1": 11.309932474020144, "mean_L2": 127.91457256689542}, "Lhip": {"mean_L1": 11.325183123727589, "mean_L2": 155.7849278040947}}, "overall": {"mean_L1s": 10.872621133975567, "mean_L2s": 174.91083894357828, "mean_cosine_similarities_L1": 1.359077641746946, "mean_cosine_similarities_L2": 21.863854867947285}}