{"segments": {"nose-leftShoulder|rightShoulder": {"L1": 42.45021412026085, "L2": 1802.020678855994}, "leftShoulder-leftElbow|rightShoulder": {"L1": 6.958886252859372, "L2": 48.426097880234956}, "leftShoulder-leftElbow|leftHip": {"L1": 134.18287037346545, "L2": 18005.04270166223}, "leftShoulder-leftHip|rightShoulder": {"L1": 32.99988347483253, "L2": 1088.9923093525242}, "rightShoulder-leftShoulder|rightElbow": {"L1": 115.70029483269681, "L2": 13386.55822437297}, "rightShoulder-rightElbow|rightHip": {"L1": 26.07946061766151, "L2": 680.1382661081577}, "rightShoulder-leftShoulder|rightHip": {"L1": 41.68622165844732, "L2": 1737.7410761572028}, "leftElbow-leftShoulder|leftWrist": {"L1": 7.956981124690714, "L2": 63.313548618684294}, "rightElbow-rightShoulder|rightWrist": {"L1": 9.707796300779677, "L2": 94.24130901743158}, "leftHip-leftShoulder|rightHip": {"L1": 17.59124599508388, "L2": 309.4519356595547}, "rightHip-leftHip|rightShoulder": {"L1": 8.904907811469059, "L2": 79.29738313076291}, "rightHip-leftHip|rightKnee": {"L1": 135.86305563584622, "L2": 18458.769886709048}, "rightHip-rightKnee|rightShoulder": {"L1": 70.07830507396764, "L2": 4910.968842040079}, "rightKnee-rightAnkle|rightHip": {"L1": 67.4326251995012, "L2": 4547.158941296405}}, "nodes": {"nose": {"mean_L1": 42.45021412026085, "mean_L2": 1802.020678855994}, "leftShoulder": {"mean_L1": 58.04721336705245, "mean_L2": 6380.820369631663}, "rightShoulder": {"mean_L1": 61.155325702935215, "mean_L2": 5268.1458555461095}, "leftElbow": {"mean_L1": 7.956981124690714, "mean_L2": 63.313548618684294}, "rightElbow": {"mean_L1": 9.707796300779677, "mean_L2": 94.24130901743158}, "leftHip": {"mean_L1": 17.59124599508388, "mean_L2": 309.4519356595547}, "rightHip": {"mean_L1": 71.61542284042764, "mean_L2": 7816.34537062663}, "rightKnee": {"mean_L1": 67.4326251995012, "mean_L2": 4547.158941296405}}, "overall": {"mean_L1s": 41.99460308134145, "mean_L2s": 3285.187251156559, "mean_cosine_similarities_L1": 5.2493253851676815, "mean_cosine_similarities_L2": 410.64840639456986}}